{
  "attributes": {
    "namespace": "app.mdl"
  },
  "children": [
    {
      "attributes": {
        "name": "UR_Robot1",
        "twx-entity-type": "Things",
        "twx-entity-name": "UR_Robot1"
      },
      "name": "twx-model",
      "children": [
        {
          "attributes": {
            "name": "joint1Angle",
            "twx-auto-refresh": "true",
            "twx-model": "app.mdl[\"UR_Robot1\"].properties[\"joint1Angle\"]"
          },
          "name": "twx-model-property"
        },
        {
          "attributes": {
            "name": "joint2Angle",
            "twx-auto-refresh": "true",
            "twx-model": "app.mdl[\"UR_Robot1\"].properties[\"joint2Angle\"]"
          },
          "name": "twx-model-property"
        },
        {
          "attributes": {
            "name": "joint3Angle",
            "twx-auto-refresh": "true",
            "twx-model": "app.mdl[\"UR_Robot1\"].properties[\"joint3Angle\"]"
          },
          "name": "twx-model-property"
        },
        {
          "attributes": {
            "name": "joint4Angle",
            "twx-auto-refresh": "true",
            "twx-model": "app.mdl[\"UR_Robot1\"].properties[\"joint4Angle\"]"
          },
          "name": "twx-model-property"
        },
        {
          "attributes": {
            "name": "joint5Angle",
            "twx-auto-refresh": "true",
            "twx-model": "app.mdl[\"UR_Robot1\"].properties[\"joint5Angle\"]"
          },
          "name": "twx-model-property"
        },
        {
          "attributes": {
            "name": "joint6Angle",
            "twx-auto-refresh": "true",
            "twx-model": "app.mdl[\"UR_Robot1\"].properties[\"joint6Angle\"]"
          },
          "name": "twx-model-property"
        },
        {
          "attributes": {
            "name": "SecurityStop",
            "twx-auto-refresh": "true",
            "twx-model": "app.mdl[\"UR_Robot1\"].properties[\"SecurityStop\"]"
          },
          "name": "twx-model-property"
        },
        {
          "attributes": {
            "name": "robotMovebyPoints",
            "id": "robotMovebyPoints"
          },
          "name": "twx-model-service"
        },
        {
          "attributes": {
            "name": "resetSecurityStop",
            "id": "resetSecurityStop"
          },
          "name": "twx-model-service"
        }
      ]
    },
    {
      "attributes": {
        "id": "vumark",
        "isbound": "false",
        "isdeletable": "false",
        "name": "ThingMark",
        "value": ""
      },
      "name": "twx-app-param"
    },
    {
      "attributes": {
        "id": "template",
        "isbound": "false",
        "isdeletable": "false",
        "name": "Thing Template",
        "value": ""
      },
      "name": "twx-app-param"
    },
    {
      "attributes": {
        "id": "thing",
        "isbound": "false",
        "isdeletable": "false",
        "name": "Thing",
        "value": ""
      },
      "name": "twx-app-param"
    },
    {
      "attributes": {
        "id": "gripperSelect",
        "isbound": "false",
        "isdeletable": "true",
        "name": "gripperSelect",
        "value": ""
      },
      "name": "twx-app-param"
    }
  ],
  "name": "twx-app-mdl"
}
