{
  "name": "",
  "version": "1.0.0",
  "requires": [
    "w320dp"
  ],
  "experiences": [
    {
      "vumark": "",
      "experienceType": "none",
      "id": 1,
      "index-keys": [],
      "title": {
        "en": "UR3e Robot Point Programming"
      },
      "description": {
        "en": "",
        "en-US": ""
      },
      "requires": [
        "AR-tracking"
      ],
      "tags": [],
      "icon": "",
      "viewName": "Home",
      "url-template": "index.html?expId=1",
      "entryPoint": "index.html?expId=1",
      "thumbnail": "public/Uploaded/Overlay Thumbnail.PNG",
      "thingTemplateName": ""
    }
  ],
  "widgetsUsage": [
    {
      "timeStamp": 1605296357217,
      "usage": {
        "twx-view": 1,
        "twx-dt-view": 1,
        "twx-overlay": 1,
        "twx-overlay-container": 5,
        "twx-overlay-body": 1
      }
    },
    {
      "timeStamp": 1605298350564,
      "usage": {
        "twx-view": 1,
        "twx-dt-view": 1,
        "twx-dt-model": 1,
        "twx-overlay": 1,
        "twx-overlay-container": 5,
        "twx-overlay-body": 1
      }
    },
    {
      "timeStamp": 1605298680394,
      "usage": {
        "twx-view": 1,
        "twx-dt-view": 1,
        "twx-dt-model": 1,
        "twx-overlay": 1,
        "twx-overlay-container": 5,
        "twx-overlay-body": 1
      }
    },
    {
      "timeStamp": 1605298689188,
      "usage": {
        "twx-view": 1,
        "twx-dt-view": 1,
        "twx-dt-model": 1,
        "twx-overlay": 1,
        "twx-overlay-container": 5,
        "twx-overlay-body": 1
      }
    },
    {
      "timeStamp": 1605299050701,
      "usage": {
        "twx-view": 1,
        "twx-dt-view": 1,
        "twx-dt-model": 1,
        "twx-overlay": 1,
        "twx-overlay-container": 5,
        "twx-overlay-body": 1
      }
    },
    {
      "timeStamp": 1605299204579,
      "usage": {
        "twx-view": 1,
        "twx-dt-view": 1,
        "twx-dt-model": 1,
        "twx-overlay": 1,
        "twx-overlay-container": 5,
        "twx-overlay-body": 1
      }
    },
    {
      "timeStamp": 1605299248275,
      "usage": {
        "twx-view": 1,
        "twx-dt-view": 1,
        "twx-dt-model": 1,
        "twx-overlay": 1,
        "twx-overlay-container": 5,
        "twx-overlay-body": 1
      }
    },
    {
      "timeStamp": 1606262682388,
      "usage": {
        "twx-view": 1,
        "twx-dt-view": 1,
        "twx-dt-model": 1,
        "twx-overlay": 1,
        "twx-overlay-container": 5,
        "twx-overlay-body": 1
      }
    },
    {
      "timeStamp": 1606262726019,
      "usage": {
        "twx-view": 1,
        "twx-dt-view": 1,
        "twx-dt-model": 1,
        "twx-overlay": 1,
        "twx-overlay-container": 5,
        "twx-overlay-body": 1
      }
    },
    {
      "timeStamp": 1606349257800,
      "usage": {
        "twx-view": 1,
        "twx-dt-view": 1,
        "twx-dt-model": 1,
        "twx-dt-modelitem": 2,
        "twx-overlay": 1,
        "twx-overlay-container": 5,
        "twx-overlay-body": 1
      }
    },
    {
      "timeStamp": 1606349803834,
      "usage": {
        "twx-view": 1,
        "twx-dt-view": 1,
        "twx-dt-model": 1,
        "twx-dt-modelitem": 2,
        "twx-overlay": 1,
        "twx-overlay-container": 5,
        "twx-overlay-body": 1
      }
    },
    {
      "timeStamp": 1606851873953,
      "usage": {
        "twx-view": 1,
        "twx-dt-view": 1,
        "twx-dt-model": 1,
        "twx-dt-modelitem": 3,
        "twx-overlay": 1,
        "twx-overlay-container": 5,
        "twx-overlay-body": 1
      }
    },
    {
      "timestamp": "2021-09-01T20:48:38.138Z",
      "action": "PUBLISH",
      "usage": {
        "twx-view": 1,
        "twx-dt-view": 1,
        "twx-dt-model": 3,
        "twx-dt-modelitem": 12,
        "twx-dt-target-model": 1,
        "target_mode_with_car": 0,
        "twx-overlay": 1,
        "twx-overlay-container": 5,
        "twx-select": 1,
        "twx-overlay-body": 1,
        "twx-gridlayout": 3,
        "twx-row": 4,
        "twx-col": 5,
        "twx-image2": 2,
        "twx-range": 6,
        "twx-toggle-button": 2
      }
    },
    {
      "timestamp": "2021-09-27T20:41:09.168Z",
      "action": "PUBLISH",
      "usage": {
        "twx-view": 1,
        "twx-dt-view": 1,
        "twx-dt-model": 3,
        "twx-dt-modelitem": 12,
        "twx-dt-target-model": 1,
        "target_mode_with_car": 0,
        "twx-overlay": 1,
        "twx-overlay-container": 5,
        "twx-select": 1,
        "twx-overlay-body": 1,
        "twx-gridlayout": 3,
        "twx-row": 4,
        "twx-col": 5,
        "twx-image2": 2,
        "twx-range": 6,
        "twx-toggle-button": 2
      }
    },
    {
      "timestamp": "2021-10-28T17:04:23.633Z",
      "action": "PUBLISH",
      "usage": {
        "twx-view": 1,
        "twx-dt-view": 1,
        "twx-dt-model": 3,
        "twx-dt-modelitem": 6,
        "twx-dt-target-model": 1,
        "target_mode_with_car": 0,
        "twx-dt-image": 1,
        "twx-overlay": 1,
        "twx-overlay-container": 5,
        "twx-select": 1,
        "twx-overlay-body": 1,
        "twx-gridlayout": 3,
        "twx-row": 4,
        "twx-col": 5,
        "twx-image2": 2,
        "twx-range": 1,
        "twx-toggle-button": 1
      }
    },
    {
      "timestamp": "2021-10-28T22:13:00.993Z",
      "action": "PUBLISH",
      "usage": {
        "twx-view": 1,
        "twx-dt-view": 1,
        "twx-dt-model": 3,
        "twx-dt-modelitem": 6,
        "twx-dt-target-model": 1,
        "target_mode_with_car": 0,
        "twx-dt-image": 1,
        "twx-overlay": 1,
        "twx-overlay-container": 5,
        "twx-select": 1,
        "twx-overlay-body": 1,
        "twx-gridlayout": 3,
        "twx-row": 4,
        "twx-col": 5,
        "twx-image2": 2,
        "twx-range": 1,
        "twx-toggle-button": 1
      }
    },
    {
      "timestamp": "2021-10-29T14:12:23.061Z",
      "action": "PUBLISH",
      "usage": {
        "twx-view": 1,
        "twx-dt-view": 1,
        "twx-dt-model": 3,
        "twx-dt-modelitem": 6,
        "twx-dt-target-model": 1,
        "target_mode_with_car": 0,
        "twx-dt-image": 1,
        "twx-overlay": 1,
        "twx-overlay-container": 5,
        "twx-select": 1,
        "twx-overlay-body": 1,
        "twx-gridlayout": 3,
        "twx-row": 4,
        "twx-col": 5,
        "twx-image2": 2,
        "twx-label": 3,
        "twx-range": 1,
        "twx-toggle-button": 1
      }
    },
    {
      "timestamp": "2021-10-29T16:16:11.417Z",
      "action": "PUBLISH",
      "usage": {
        "twx-view": 1,
        "twx-dt-view": 1,
        "twx-dt-model": 3,
        "twx-dt-modelitem": 6,
        "twx-dt-target-model": 1,
        "target_mode_with_car": 0,
        "twx-dt-image": 1,
        "twx-overlay": 1,
        "twx-overlay-container": 5,
        "twx-select": 1,
        "twx-overlay-body": 1,
        "twx-gridlayout": 3,
        "twx-row": 4,
        "twx-col": 5,
        "twx-image2": 2,
        "twx-label": 3,
        "twx-range": 1,
        "twx-toggle-button": 1
      }
    },
    {
      "timestamp": "2021-10-29T16:17:21.709Z",
      "action": "PUBLISH",
      "usage": {
        "twx-view": 1,
        "twx-dt-view": 1,
        "twx-dt-model": 3,
        "twx-dt-modelitem": 6,
        "twx-dt-target-model": 1,
        "target_mode_with_car": 0,
        "twx-dt-image": 1,
        "twx-overlay": 1,
        "twx-overlay-container": 5,
        "twx-select": 1,
        "twx-overlay-body": 1,
        "twx-gridlayout": 3,
        "twx-row": 4,
        "twx-col": 5,
        "twx-image2": 2,
        "twx-label": 3,
        "twx-range": 1,
        "twx-toggle-button": 1
      }
    },
    {
      "timestamp": "2021-10-29T16:34:51.397Z",
      "action": "PUBLISH",
      "usage": {
        "twx-view": 1,
        "twx-dt-view": 1,
        "twx-dt-model": 3,
        "twx-dt-modelitem": 6,
        "twx-dt-target-model": 1,
        "target_mode_with_car": 0,
        "twx-dt-image": 1,
        "twx-overlay": 1,
        "twx-overlay-container": 5,
        "twx-select": 1,
        "twx-overlay-body": 1,
        "twx-gridlayout": 3,
        "twx-row": 4,
        "twx-col": 5,
        "twx-image2": 2,
        "twx-label": 3,
        "twx-range": 1,
        "twx-toggle-button": 1
      }
    },
    {
      "timestamp": "2021-10-29T16:39:36.109Z",
      "action": "PUBLISH",
      "usage": {
        "twx-view": 1,
        "twx-dt-view": 1,
        "twx-dt-model": 3,
        "twx-dt-modelitem": 6,
        "twx-dt-target-model": 1,
        "target_mode_with_car": 0,
        "twx-dt-image": 1,
        "twx-overlay": 1,
        "twx-overlay-container": 5,
        "twx-select": 1,
        "twx-overlay-body": 1,
        "twx-gridlayout": 3,
        "twx-row": 4,
        "twx-col": 5,
        "twx-image2": 2,
        "twx-label": 3,
        "twx-range": 1,
        "twx-toggle-button": 1
      }
    },
    {
      "timestamp": "2021-10-29T16:51:29.089Z",
      "action": "PUBLISH",
      "usage": {
        "twx-view": 1,
        "twx-dt-view": 1,
        "twx-dt-model": 3,
        "twx-dt-modelitem": 6,
        "twx-dt-target-model": 1,
        "target_mode_with_car": 0,
        "twx-dt-image": 1,
        "twx-overlay": 1,
        "twx-overlay-container": 5,
        "twx-select": 1,
        "twx-overlay-body": 1,
        "twx-gridlayout": 3,
        "twx-row": 4,
        "twx-col": 5,
        "twx-image2": 2,
        "twx-label": 3,
        "twx-range": 1,
        "twx-toggle-button": 1
      }
    },
    {
      "timestamp": "2021-10-29T16:54:53.053Z",
      "action": "PUBLISH",
      "usage": {
        "twx-view": 1,
        "twx-dt-view": 1,
        "twx-dt-model": 3,
        "twx-dt-modelitem": 6,
        "twx-dt-target-model": 1,
        "target_mode_with_car": 0,
        "twx-dt-image": 1,
        "twx-overlay": 1,
        "twx-overlay-container": 5,
        "twx-select": 1,
        "twx-overlay-body": 1,
        "twx-gridlayout": 3,
        "twx-row": 4,
        "twx-col": 5,
        "twx-image2": 2,
        "twx-label": 3,
        "twx-range": 1,
        "twx-toggle-button": 1
      }
    },
    {
      "timestamp": "2021-10-29T16:57:51.569Z",
      "action": "PUBLISH",
      "usage": {
        "twx-view": 1,
        "twx-dt-view": 1,
        "twx-dt-model": 3,
        "twx-dt-modelitem": 6,
        "twx-dt-target-model": 1,
        "target_mode_with_car": 0,
        "twx-dt-image": 1,
        "twx-overlay": 1,
        "twx-overlay-container": 5,
        "twx-select": 1,
        "twx-overlay-body": 1,
        "twx-gridlayout": 3,
        "twx-row": 4,
        "twx-col": 5,
        "twx-image2": 2,
        "twx-label": 3,
        "twx-range": 1,
        "twx-toggle-button": 1
      }
    },
    {
      "timestamp": "2021-10-29T16:59:13.307Z",
      "action": "PUBLISH",
      "usage": {
        "twx-view": 1,
        "twx-dt-view": 1,
        "twx-dt-model": 3,
        "twx-dt-modelitem": 6,
        "twx-dt-target-model": 1,
        "target_mode_with_car": 0,
        "twx-dt-image": 1,
        "twx-overlay": 1,
        "twx-overlay-container": 5,
        "twx-select": 1,
        "twx-overlay-body": 1,
        "twx-gridlayout": 3,
        "twx-row": 4,
        "twx-col": 5,
        "twx-image2": 2,
        "twx-range": 1,
        "twx-toggle-button": 1
      }
    },
    {
      "timestamp": "2021-10-29T17:04:06.515Z",
      "action": "PUBLISH",
      "usage": {
        "twx-view": 1,
        "twx-dt-view": 1,
        "twx-dt-model": 3,
        "twx-dt-modelitem": 6,
        "twx-dt-target-model": 1,
        "target_mode_with_car": 0,
        "twx-dt-image": 1,
        "twx-overlay": 1,
        "twx-overlay-container": 5,
        "twx-select": 1,
        "twx-overlay-body": 1,
        "twx-gridlayout": 3,
        "twx-row": 4,
        "twx-col": 5,
        "twx-image2": 2,
        "twx-range": 1,
        "twx-toggle-button": 1
      }
    },
    {
      "timestamp": "2021-10-29T17:08:04.271Z",
      "action": "PUBLISH",
      "usage": {
        "twx-view": 1,
        "twx-dt-view": 1,
        "twx-dt-model": 3,
        "twx-dt-modelitem": 6,
        "twx-dt-target-model": 1,
        "target_mode_with_car": 0,
        "twx-dt-image": 1,
        "twx-overlay": 1,
        "twx-overlay-container": 5,
        "twx-select": 1,
        "twx-overlay-body": 1,
        "twx-gridlayout": 3,
        "twx-row": 4,
        "twx-col": 5,
        "twx-image2": 2,
        "twx-range": 1,
        "twx-toggle-button": 1
      }
    },
    {
      "timestamp": "2021-11-06T15:47:21.186Z",
      "action": "PUBLISH",
      "usage": {
        "twx-view": 1,
        "twx-dt-view": 1,
        "twx-dt-model": 5,
        "twx-dt-modelitem": 6,
        "twx-dt-target-model": 1,
        "target_mode_with_car": 0,
        "twx-dt-image": 3,
        "twx-overlay": 1,
        "twx-overlay-container": 5,
        "twx-select": 1,
        "twx-overlay-body": 1,
        "twx-gridlayout": 3,
        "twx-row": 4,
        "twx-col": 5,
        "twx-image2": 2,
        "twx-toggle-button": 4,
        "twx-range": 1
      }
    },
    {
      "timestamp": "2021-11-06T15:55:22.949Z",
      "action": "PUBLISH",
      "usage": {
        "twx-view": 1,
        "twx-dt-view": 1,
        "twx-dt-model": 5,
        "twx-dt-modelitem": 6,
        "twx-dt-target-model": 1,
        "target_mode_with_car": 0,
        "twx-dt-image": 3,
        "twx-overlay": 1,
        "twx-overlay-container": 5,
        "twx-select": 1,
        "twx-overlay-body": 1,
        "twx-gridlayout": 3,
        "twx-row": 4,
        "twx-col": 5,
        "twx-image2": 2,
        "twx-toggle-button": 4,
        "twx-range": 1
      }
    },
    {
      "timestamp": "2021-11-06T21:39:10.243Z",
      "action": "PUBLISH",
      "usage": {
        "twx-view": 1,
        "twx-dt-view": 1,
        "twx-dt-model": 7,
        "twx-dt-modelitem": 6,
        "twx-dt-target-model": 1,
        "target_mode_with_car": 0,
        "twx-dt-image": 3,
        "twx-overlay": 1,
        "twx-overlay-container": 5,
        "twx-select": 1,
        "twx-overlay-body": 1,
        "twx-gridlayout": 3,
        "twx-row": 4,
        "twx-col": 5,
        "twx-image2": 2,
        "twx-label": 1,
        "twx-toggle-button": 4,
        "twx-range": 1
      }
    },
    {
      "timestamp": "2021-11-06T21:41:27.213Z",
      "action": "PUBLISH",
      "usage": {
        "twx-view": 1,
        "twx-dt-view": 1,
        "twx-dt-model": 7,
        "twx-dt-modelitem": 6,
        "twx-dt-target-model": 1,
        "target_mode_with_car": 0,
        "twx-dt-image": 3,
        "twx-overlay": 1,
        "twx-overlay-container": 5,
        "twx-select": 1,
        "twx-overlay-body": 1,
        "twx-gridlayout": 3,
        "twx-row": 4,
        "twx-col": 5,
        "twx-image2": 2,
        "twx-label": 1,
        "twx-toggle-button": 4,
        "twx-range": 1
      }
    },
    {
      "timestamp": "2021-11-08T04:25:11.302Z",
      "action": "PUBLISH",
      "usage": {
        "twx-view": 1,
        "twx-dt-view": 1,
        "twx-dt-model": 7,
        "twx-dt-modelitem": 6,
        "twx-dt-target-model": 1,
        "target_mode_with_car": 0,
        "twx-dt-image": 3,
        "twx-overlay": 1,
        "twx-overlay-container": 5,
        "twx-select": 1,
        "twx-overlay-body": 1,
        "twx-gridlayout": 3,
        "twx-row": 4,
        "twx-col": 5,
        "twx-image2": 2,
        "twx-label": 1,
        "twx-toggle-button": 4,
        "twx-range": 1
      }
    },
    {
      "timestamp": "2021-11-08T04:48:55.289Z",
      "action": "PUBLISH",
      "usage": {
        "twx-view": 1,
        "twx-dt-view": 1,
        "twx-dt-model": 9,
        "twx-dt-modelitem": 6,
        "twx-dt-target-model": 1,
        "target_mode_with_car": 0,
        "twx-dt-image": 4,
        "twx-overlay": 1,
        "twx-overlay-container": 5,
        "twx-select": 1,
        "twx-overlay-body": 1,
        "twx-gridlayout": 3,
        "twx-row": 4,
        "twx-col": 5,
        "twx-image2": 2,
        "twx-toggle-button": 5,
        "twx-range": 1
      }
    },
    {
      "timestamp": "2021-11-08T04:55:21.042Z",
      "action": "PUBLISH",
      "usage": {
        "twx-view": 1,
        "twx-dt-view": 1,
        "twx-dt-model": 9,
        "twx-dt-modelitem": 6,
        "twx-dt-target-model": 1,
        "target_mode_with_car": 0,
        "twx-dt-image": 4,
        "twx-overlay": 1,
        "twx-overlay-container": 5,
        "twx-select": 1,
        "twx-overlay-body": 1,
        "twx-gridlayout": 3,
        "twx-row": 4,
        "twx-col": 5,
        "twx-image2": 2,
        "twx-toggle-button": 5,
        "twx-range": 1
      }
    },
    {
      "timestamp": "2021-11-08T16:18:59.623Z",
      "action": "PUBLISH",
      "usage": {
        "twx-view": 1,
        "twx-dt-view": 1,
        "twx-dt-model": 9,
        "twx-dt-modelitem": 6,
        "twx-dt-target-model": 1,
        "target_mode_with_car": 0,
        "twx-dt-image": 4,
        "twx-overlay": 1,
        "twx-overlay-container": 5,
        "twx-select": 1,
        "twx-overlay-body": 1,
        "twx-gridlayout": 3,
        "twx-row": 4,
        "twx-col": 5,
        "twx-image2": 2,
        "twx-toggle-button": 5,
        "twx-range": 1
      }
    },
    {
      "timestamp": "2021-11-08T16:31:36.482Z",
      "action": "PUBLISH",
      "usage": {
        "twx-view": 1,
        "twx-dt-view": 1,
        "twx-dt-model": 9,
        "twx-dt-modelitem": 6,
        "twx-dt-target-model": 1,
        "target_mode_with_car": 0,
        "twx-dt-image": 4,
        "twx-overlay": 1,
        "twx-overlay-container": 5,
        "twx-select": 1,
        "twx-overlay-body": 1,
        "twx-gridlayout": 4,
        "twx-row": 6,
        "twx-col": 7,
        "twx-image2": 2,
        "twx-toggle-button": 5,
        "twx-popup": 1,
        "twx-label": 1,
        "twx-button": 1,
        "twx-range": 1
      }
    },
    {
      "timestamp": "2021-11-08T16:52:29.655Z",
      "action": "PUBLISH",
      "usage": {
        "twx-view": 1,
        "twx-dt-view": 1,
        "twx-dt-model": 9,
        "twx-dt-modelitem": 6,
        "twx-dt-target-model": 1,
        "target_mode_with_car": 0,
        "twx-dt-image": 4,
        "twx-overlay": 1,
        "twx-overlay-container": 5,
        "twx-select": 1,
        "twx-overlay-body": 1,
        "twx-gridlayout": 4,
        "twx-row": 6,
        "twx-col": 7,
        "twx-image2": 2,
        "twx-toggle-button": 5,
        "twx-popup": 1,
        "twx-label": 1,
        "twx-button": 1,
        "twx-range": 1
      }
    },
    {
      "timestamp": "2021-11-08T17:23:16.799Z",
      "action": "PUBLISH",
      "usage": {
        "twx-view": 1,
        "twx-dt-view": 1,
        "twx-dt-model": 9,
        "twx-dt-modelitem": 6,
        "twx-dt-target-model": 1,
        "target_mode_with_car": 0,
        "twx-dt-image": 4,
        "twx-overlay": 1,
        "twx-overlay-container": 5,
        "twx-select": 1,
        "twx-overlay-body": 1,
        "twx-gridlayout": 4,
        "twx-row": 6,
        "twx-col": 7,
        "twx-image2": 2,
        "twx-toggle-button": 5,
        "twx-popup": 1,
        "twx-label": 1,
        "twx-button": 1,
        "twx-range": 1
      }
    },
    {
      "timestamp": "2021-11-08T17:52:50.648Z",
      "action": "PUBLISH",
      "usage": {
        "twx-view": 1,
        "twx-dt-view": 1,
        "twx-dt-model": 9,
        "twx-dt-modelitem": 6,
        "twx-dt-target-model": 1,
        "target_mode_with_car": 0,
        "twx-dt-image": 4,
        "twx-overlay": 1,
        "twx-overlay-container": 5,
        "twx-select": 1,
        "twx-overlay-body": 1,
        "twx-gridlayout": 4,
        "twx-row": 6,
        "twx-col": 7,
        "twx-image2": 2,
        "twx-toggle-button": 5,
        "twx-popup": 1,
        "twx-label": 1,
        "twx-button": 1,
        "twx-range": 1
      }
    },
    {
      "timestamp": "2021-11-16T22:59:38.074Z",
      "action": "PUBLISH",
      "usage": {
        "twx-view": 1,
        "twx-dt-view": 1,
        "twx-dt-model": 9,
        "twx-dt-modelitem": 6,
        "twx-dt-target-model": 1,
        "target_mode_with_car": 0,
        "twx-dt-image": 4,
        "twx-overlay": 1,
        "twx-overlay-container": 5,
        "twx-select": 1,
        "twx-overlay-body": 1,
        "twx-gridlayout": 4,
        "twx-row": 6,
        "twx-col": 7,
        "twx-image2": 2,
        "twx-toggle-button": 5,
        "twx-popup": 1,
        "twx-label": 1,
        "twx-button": 1,
        "twx-range": 1
      }
    },
    {
      "timestamp": "2021-11-23T23:16:23.818Z",
      "action": "LATEST_SAVE",
      "usage": {
        "twx-view": 1,
        "twx-dt-view": 1,
        "twx-dt-model": 9,
        "twx-dt-modelitem": 6,
        "twx-dt-target-model": 1,
        "target_mode_with_car": 0,
        "twx-dt-image": 4,
        "twx-overlay": 1,
        "twx-overlay-container": 5,
        "twx-select": 1,
        "twx-overlay-body": 1,
        "twx-gridlayout": 4,
        "twx-row": 6,
        "twx-col": 7,
        "twx-image2": 2,
        "twx-toggle-button": 5,
        "twx-popup": 1,
        "twx-label": 1,
        "twx-button": 1,
        "twx-range": 1
      }
    }
  ],
  "accessType": "public",
  "designedfor": []
}
