{
  "attributes": {
    "twx-widget": "",
    "widget-id": "view-1",
    "widget-name": "view-1",
    "is-widget-container": "true",
    "viewtype": "ar"
  },
  "children": [
    {
      "name": "twx-container-content",
      "children": [
        {
          "attributes": {
            "twx-widget": "",
            "widget-id": "3DContainer-1",
            "widget-name": "3D Container",
            "is-widget-container": "true",
            "enabletrackingevents": "true",
            "dropshadow": "true"
          },
          "name": "twx-dt-view",
          "children": [
            {
              "name": "twx-container-content",
              "children": [
                {
                  "attributes": {
                    "twx-widget": "",
                    "widget-id": "model-1",
                    "widget-name": "Stand",
                    "is-widget-container": "true",
                    "src": "Uploaded/Small Gripper ASSY.pvz",
                    "scale": "1.0000",
                    "x": "7.450580596923828e-8",
                    "y": "-0.04800000041723251",
                    "rx": "180.00",
                    "ry": "0.00",
                    "rz": "180.00"
                  },
                  "name": "twx-dt-model",
                  "children": [
                    {
                      "attributes": {
                        "databind-id": "db-1607397838362",
                        "source-type": "ui",
                        "source-label": "Select",
                        "source-name": "select-1",
                        "source-item-type": "property",
                        "source-item-name": "value",
                        "binding-type": "widget_property",
                        "from-expression": "app.view['Home'].wdg['select-1']['value']",
                        "to-property": "src"
                      },
                      "name": "twx-databind"
                    },
                    {
                      "name": "twx-container-content",
                      "children": [
                        {
                          "attributes": {
                            "twx-widget": "",
                            "widget-id": "modelItem-1",
                            "widget-name": "Base",
                            "is-widget-container": "true",
                            "model": "model-1",
                            "idpath": "/28",
                            "scale": "1.0000",
                            "x": "0.0000",
                            "y": "0.0481",
                            "z": "0.0000",
                            "rx": "0.00",
                            "ry": "0.00",
                            "rz": "0.00"
                          },
                          "name": "twx-dt-modelitem",
                          "children": [
                            {
                              "attributes": {
                                "databind-id": "db-1635435018297",
                                "source-type": "data",
                                "source-name": "UR_Robot1",
                                "source-item-type": "property",
                                "source-item-name": "joint1Angle",
                                "binding-type": "property_field",
                                "from-expression": "app.mdl['UR_Robot1'].properties['joint1Angle']",
                                "to-property": "ry"
                              },
                              "name": "twx-databind"
                            },
                            {
                              "name": "twx-container-content",
                              "children": [
                                {
                                  "attributes": {
                                    "twx-widget": "",
                                    "widget-id": "modelItem-2",
                                    "widget-name": "Shoulder",
                                    "is-widget-container": "true",
                                    "model": "model-1",
                                    "idpath": "/28/25",
                                    "scale": "1.0000",
                                    "x": "0.0000",
                                    "y": "0.1519",
                                    "z": "0.0000",
                                    "rx": "0.00",
                                    "ry": "0.00",
                                    "rz": "0.00"
                                  },
                                  "name": "twx-dt-modelitem",
                                  "children": [
                                    {
                                      "attributes": {
                                        "databind-id": "db-1635435030603",
                                        "source-type": "data",
                                        "source-name": "UR_Robot1",
                                        "source-item-type": "property",
                                        "source-item-name": "joint2Angle",
                                        "binding-type": "property_field",
                                        "from-expression": "app.mdl['UR_Robot1'].properties['joint2Angle']",
                                        "to-property": "rz"
                                      },
                                      "name": "twx-databind"
                                    },
                                    {
                                      "name": "twx-container-content",
                                      "children": [
                                        {
                                          "attributes": {
                                            "twx-widget": "",
                                            "widget-id": "modelItem-3",
                                            "widget-name": "Elbow",
                                            "is-widget-container": "true",
                                            "model": "model-1",
                                            "idpath": "/28/25/25",
                                            "scale": "1.0000",
                                            "x": "0.0000",
                                            "y": "0.2436",
                                            "z": "0.0000",
                                            "rx": "0.00",
                                            "ry": "0.00",
                                            "rz": "0.00"
                                          },
                                          "name": "twx-dt-modelitem",
                                          "children": [
                                            {
                                              "attributes": {
                                                "databind-id": "db-1635435035268",
                                                "source-type": "data",
                                                "source-name": "UR_Robot1",
                                                "source-item-type": "property",
                                                "source-item-name": "joint3Angle",
                                                "binding-type": "property_field",
                                                "from-expression": "app.mdl['UR_Robot1'].properties['joint3Angle']",
                                                "to-property": "rz"
                                              },
                                              "name": "twx-databind"
                                            },
                                            {
                                              "name": "twx-container-content",
                                              "children": [
                                                {
                                                  "attributes": {
                                                    "twx-widget": "",
                                                    "widget-id": "modelItem-4",
                                                    "widget-name": "Wrist 1",
                                                    "is-widget-container": "true",
                                                    "model": "model-1",
                                                    "idpath": "/28/25/25/25",
                                                    "scale": "1.0000",
                                                    "x": "0.0000",
                                                    "y": "0.2132",
                                                    "z": "0.0000",
                                                    "rx": "0.00",
                                                    "ry": "0.00",
                                                    "rz": "0.00"
                                                  },
                                                  "name": "twx-dt-modelitem",
                                                  "children": [
                                                    {
                                                      "attributes": {
                                                        "databind-id": "db-1635435045835",
                                                        "source-type": "data",
                                                        "source-name": "UR_Robot1",
                                                        "source-item-type": "property",
                                                        "source-item-name": "joint4Angle",
                                                        "binding-type": "property_field",
                                                        "from-expression": "app.mdl['UR_Robot1'].properties['joint4Angle']",
                                                        "to-property": "rz"
                                                      },
                                                      "name": "twx-databind"
                                                    },
                                                    {
                                                      "name": "twx-container-content",
                                                      "children": [
                                                        {
                                                          "attributes": {
                                                            "twx-widget": "",
                                                            "widget-id": "modelItem-5",
                                                            "widget-name": "Wrist 2",
                                                            "is-widget-container": "true",
                                                            "model": "model-1",
                                                            "idpath": "/28/25/25/25/25",
                                                            "scale": "1.0000",
                                                            "x": "0.0000",
                                                            "y": "0.0000",
                                                            "z": "-0.1311",
                                                            "rx": "0.00",
                                                            "ry": "0.00",
                                                            "rz": "0.00"
                                                          },
                                                          "name": "twx-dt-modelitem",
                                                          "children": [
                                                            {
                                                              "attributes": {
                                                                "databind-id": "db-1635435049940",
                                                                "source-type": "data",
                                                                "source-name": "UR_Robot1",
                                                                "source-item-type": "property",
                                                                "source-item-name": "joint5Angle",
                                                                "binding-type": "property_field",
                                                                "from-expression": "app.mdl['UR_Robot1'].properties['joint5Angle']",
                                                                "to-property": "ry"
                                                              },
                                                              "name": "twx-databind"
                                                            },
                                                            {
                                                              "name": "twx-container-content",
                                                              "children": [
                                                                {
                                                                  "attributes": {
                                                                    "twx-widget": "",
                                                                    "widget-id": "modelItem-6",
                                                                    "widget-name": "Wrist 3",
                                                                    "is-widget-container": "true",
                                                                    "model": "model-1",
                                                                    "idpath": "/28/25/25/25/25/24",
                                                                    "scale": "1.0000",
                                                                    "x": "0.0000",
                                                                    "y": "0.0853",
                                                                    "z": "0.0000",
                                                                    "rx": "0.00",
                                                                    "ry": "0.00",
                                                                    "rz": "0.00"
                                                                  },
                                                                  "name": "twx-dt-modelitem",
                                                                  "children": [
                                                                    {
                                                                      "attributes": {
                                                                        "databind-id": "db-1635435055620",
                                                                        "source-type": "data",
                                                                        "source-name": "UR_Robot1",
                                                                        "source-item-type": "property",
                                                                        "source-item-name": "joint6Angle",
                                                                        "binding-type": "property_field",
                                                                        "from-expression": "app.mdl['UR_Robot1'].properties['joint6Angle']",
                                                                        "to-property": "rz"
                                                                      },
                                                                      "name": "twx-databind"
                                                                    },
                                                                    {
                                                                      "name": "twx-container-content"
                                                                    }
                                                                  ]
                                                                }
                                                              ]
                                                            }
                                                          ]
                                                        }
                                                      ]
                                                    }
                                                  ]
                                                }
                                              ]
                                            }
                                          ]
                                        }
                                      ]
                                    }
                                  ]
                                }
                              ]
                            }
                          ]
                        }
                      ]
                    }
                  ]
                },
                {
                  "attributes": {
                    "twx-widget": "",
                    "widget-id": "model-2",
                    "widget-name": "Base Target",
                    "is-widget-container": "true",
                    "src": "Uploaded/UR3e Base.pvz",
                    "x": "0.0002999949501827359",
                    "ry": "180",
                    "visible": "false"
                  },
                  "name": "twx-dt-model",
                  "children": [
                    {
                      "name": "twx-container-content"
                    }
                  ]
                },
                {
                  "attributes": {
                    "twx-widget": "",
                    "widget-id": "modelTarget-1",
                    "detection-position": "{\"globalPosition\":{\"x\":-0.004986582361579885,\"y\":0.031983614862343995,\"z\":1.050586978668437},\"axisAngle\":{\"x\":0.05760628069472215,\"y\":-1.0468955030404954,\"z\":3.3217488533119077,\"w\":3.147702103997988},\"cameraLocation\":{\"position\":{\"x\":-0.03568754717707634,\"y\":0.6285010576248169,\"z\":-0.8417206406593323,\"valid\":true},\"orientation\":{\"x\":145.01011657714844,\"y\":-1.9127566814422607,\"z\":-179.7641143798828},\"scale\":{\"x\":1,\"y\":1,\"z\":1},\"valid\":true},\"modelScale\":1,\"origModelSize\":{\"x\":0.45576778054237366,\"y\":0.14304999634623528,\"z\":0.45576778054237366}}",
                    "target-id": "64f0fe7a-ef9c-45bd-8feb-4699ef7aa3bd",
                    "widget-name": "modelTarget-1",
                    "url": "_generated_/mtg/64f0fe7a-ef9c-45bd-8feb-4699ef7aa3bd.png",
                    "x": "0.0002999949501827359",
                    "rx": "-180",
                    "ry": "7.016720138133901e-15",
                    "rz": "-180",
                    "model": "model-2"
                  },
                  "name": "twx-dt-target-model"
                },
                {
                  "attributes": {
                    "twx-widget": "",
                    "widget-id": "model-3",
                    "widget-name": "3D Diamond 1",
                    "is-widget-container": "true",
                    "src": "Uploaded/3D Diamond.pvz",
                    "scale": "6.0000",
                    "x": "0.0000",
                    "z": "0.3000",
                    "rx": "0.00",
                    "ry": "0.00",
                    "rz": "0.00",
                    "visible": "false"
                  },
                  "name": "twx-dt-model",
                  "children": [
                    {
                      "name": "twx-container-content"
                    }
                  ]
                },
                {
                  "attributes": {
                    "twx-widget": "",
                    "widget-id": "model-4",
                    "widget-name": "3D Diamond 2",
                    "is-widget-container": "true",
                    "src": "Uploaded/3D Diamond.pvz",
                    "scale": "6.0000",
                    "x": "0.0000",
                    "z": "0.3000",
                    "rx": "0.00",
                    "ry": "0.00",
                    "rz": "0.00",
                    "visible": "false"
                  },
                  "name": "twx-dt-model",
                  "children": [
                    {
                      "name": "twx-container-content"
                    }
                  ]
                },
                {
                  "attributes": {
                    "twx-widget": "",
                    "widget-id": "model-5",
                    "widget-name": "3D Diamond 3",
                    "is-widget-container": "true",
                    "src": "Uploaded/3D Diamond.pvz",
                    "scale": "6.0000",
                    "x": "0.0000",
                    "z": "0.3000",
                    "rx": "0.00",
                    "ry": "0.00",
                    "rz": "0.00",
                    "visible": "false"
                  },
                  "name": "twx-dt-model",
                  "children": [
                    {
                      "name": "twx-container-content"
                    }
                  ]
                },
                {
                  "attributes": {
                    "twx-widget": "",
                    "widget-id": "model-6",
                    "widget-name": "3D Diamond 4",
                    "is-widget-container": "true",
                    "src": "Uploaded/3D Diamond.pvz",
                    "scale": "6.0000",
                    "x": "0.0000",
                    "z": "0.3000",
                    "rx": "0.00",
                    "ry": "0.00",
                    "rz": "0.00",
                    "visible": "false"
                  },
                  "name": "twx-dt-model",
                  "children": [
                    {
                      "name": "twx-container-content"
                    }
                  ]
                },
                {
                  "attributes": {
                    "twx-widget": "",
                    "widget-id": "3DImage-1",
                    "widget-name": "X,Y Position 1",
                    "src": "Uploaded/Screen Center.png",
                    "height": "0.125",
                    "z": "0.3",
                    "ry": "-0.00",
                    "rz": "-0.00",
                    "visible": "false"
                  },
                  "name": "twx-dt-image"
                },
                {
                  "attributes": {
                    "twx-widget": "",
                    "widget-id": "3DImage-2",
                    "widget-name": "X,Y Position 2",
                    "src": "Uploaded/Screen Center.png",
                    "height": "0.125",
                    "z": "0.3",
                    "ry": "-0.00",
                    "rz": "-0.00",
                    "visible": "false"
                  },
                  "name": "twx-dt-image"
                },
                {
                  "attributes": {
                    "twx-widget": "",
                    "widget-id": "3DImage-3",
                    "widget-name": "X,Y Position 3",
                    "src": "Uploaded/Screen Center.png",
                    "height": "0.125",
                    "z": "0.3",
                    "ry": "-0.00",
                    "rz": "-0.00",
                    "visible": "false"
                  },
                  "name": "twx-dt-image"
                },
                {
                  "attributes": {
                    "twx-widget": "",
                    "widget-id": "3DImage-4",
                    "widget-name": "X,Y Position 4",
                    "src": "Uploaded/Screen Center.png",
                    "height": "0.125",
                    "z": "0.3",
                    "ry": "-0.00",
                    "rz": "-0.00",
                    "visible": "false"
                  },
                  "name": "twx-dt-image"
                },
                {
                  "attributes": {
                    "twx-widget": "",
                    "widget-id": "model-7",
                    "widget-name": "3D Path 1",
                    "is-widget-container": "true",
                    "src": "Uploaded/2D Path Marker.pvz",
                    "scale": ".5",
                    "x": "-2.2351741790771484e-8",
                    "visible": "false"
                  },
                  "name": "twx-dt-model",
                  "children": [
                    {
                      "name": "twx-container-content"
                    }
                  ]
                },
                {
                  "attributes": {
                    "twx-widget": "",
                    "widget-id": "model-8",
                    "widget-name": "3D Path 2",
                    "is-widget-container": "true",
                    "src": "Uploaded/2D Path Marker.pvz",
                    "scale": ".5",
                    "x": "-2.2351741790771484e-8",
                    "rx": "0.00",
                    "ry": "0.00",
                    "rz": "0.00",
                    "visible": "false"
                  },
                  "name": "twx-dt-model",
                  "children": [
                    {
                      "name": "twx-container-content"
                    }
                  ]
                },
                {
                  "attributes": {
                    "twx-widget": "",
                    "widget-id": "model-9",
                    "widget-name": "3D Path 3",
                    "is-widget-container": "true",
                    "src": "Uploaded/2D Path Marker.pvz",
                    "scale": ".5",
                    "x": "-2.2351741790771484e-8",
                    "rx": "0.00",
                    "ry": "0.00",
                    "rz": "0.00",
                    "visible": "false"
                  },
                  "name": "twx-dt-model",
                  "children": [
                    {
                      "name": "twx-container-content"
                    }
                  ]
                }
              ]
            }
          ]
        },
        {
          "attributes": {
            "twx-widget": "",
            "widget-id": "2DOverlay-1",
            "widget-name": "2D Overlay",
            "is-widget-container": "true"
          },
          "name": "twx-overlay",
          "children": [
            {
              "name": "twx-container-content",
              "children": [
                {
                  "attributes": {
                    "twx-widget": "",
                    "widget-id": "panel-1",
                    "widget-name": "Top Panel",
                    "is-widget-container": "true",
                    "position": "top"
                  },
                  "name": "twx-overlay-container",
                  "children": [
                    {
                      "name": "twx-container-content",
                      "children": [
                        {
                          "attributes": {
                            "twx-widget": "",
                            "widget-id": "select-1",
                            "widget-name": "Select Gripper",
                            "class": "byu-select",
                            "label": "Gripper:"
                          },
                          "name": "twx-select",
                          "children": [
                            {
                              "attributes": {
                                "databind-id": "db-1606943105310",
                                "source-type": "data",
                                "source-name": "gripperSelect",
                                "source-item-type": "value",
                                "source-item-name": "gripperSelect",
                                "binding-type": "custom_field",
                                "from-expression": "app.params['gripperSelect']",
                                "to-property": "list"
                              },
                              "name": "twx-databind"
                            }
                          ]
                        }
                      ]
                    }
                  ]
                },
                {
                  "attributes": {
                    "twx-widget": "",
                    "widget-id": "2DOverlayBody-1",
                    "widget-name": "2D Body",
                    "is-widget-container": "true"
                  },
                  "name": "twx-overlay-body",
                  "children": [
                    {
                      "name": "twx-container-content",
                      "children": [
                        {
                          "attributes": {
                            "twx-widget": "",
                            "widget-id": "panel-2",
                            "widget-name": "Left Panel",
                            "is-widget-container": "true",
                            "position": "left"
                          },
                          "name": "twx-overlay-container",
                          "children": [
                            {
                              "name": "twx-container-content",
                              "children": [
                                {
                                  "attributes": {
                                    "twx-widget": "",
                                    "widget-id": "gridLayout-3",
                                    "widget-name": "gridLayout-3",
                                    "is-widget-container": "true",
                                    "evenlyspacedrows": "true"
                                  },
                                  "name": "twx-gridlayout",
                                  "children": [
                                    {
                                      "name": "twx-container-content",
                                      "children": [
                                        {
                                          "attributes": {
                                            "twx-widget": "",
                                            "widget-id": "row-2",
                                            "widget-name": "row-2",
                                            "is-widget-container": "true"
                                          },
                                          "name": "twx-row",
                                          "children": [
                                            {
                                              "name": "twx-container-content",
                                              "children": [
                                                {
                                                  "attributes": {
                                                    "twx-widget": "",
                                                    "widget-id": "column-2",
                                                    "widget-name": "column-2",
                                                    "is-widget-container": "true"
                                                  },
                                                  "name": "twx-col",
                                                  "children": [
                                                    {
                                                      "name": "twx-container-content",
                                                      "children": [
                                                        {
                                                          "attributes": {
                                                            "twx-widget": "",
                                                            "widget-id": "image-1",
                                                            "image-align": "center",
                                                            "widget-name": "BYU Logo",
                                                            "click-expression": "loadBYUwebsite();",
                                                            "imgsrc": "Uploaded/1200px-Brigham_Young_University_medallion.svg.png",
                                                            "backgroundcolor": "",
                                                            "width": "80px"
                                                          },
                                                          "name": "twx-image2"
                                                        }
                                                      ]
                                                    }
                                                  ]
                                                }
                                              ]
                                            }
                                          ]
                                        },
                                        {
                                          "attributes": {
                                            "twx-widget": "",
                                            "widget-id": "row-4",
                                            "widget-name": "row-4",
                                            "is-widget-container": "true"
                                          },
                                          "name": "twx-row",
                                          "children": [
                                            {
                                              "name": "twx-container-content",
                                              "children": [
                                                {
                                                  "attributes": {
                                                    "twx-widget": "",
                                                    "widget-id": "column-5",
                                                    "widget-name": "column-5",
                                                    "is-widget-container": "true",
                                                    "justification": "space-around",
                                                    "alignment": "center",
                                                    "fixedcolsize": ""
                                                  },
                                                  "name": "twx-col",
                                                  "children": [
                                                    {
                                                      "name": "twx-container-content",
                                                      "children": [
                                                        {
                                                          "attributes": {
                                                            "twx-widget": "",
                                                            "widget-id": "toggleButton-3",
                                                            "background-color": "",
                                                            "background-color-pressed": "",
                                                            "widget-name": "Move 1 Toggle",
                                                            "pressed-expression": "moveSelect(1);",
                                                            "pressed": "true",
                                                            "notpressed": "false",
                                                            "src": "Uploaded/button_move 1 (1).png",
                                                            "srcnotpressed": "Uploaded/button_move 1.png",
                                                            "width": "",
                                                            "height": "50px",
                                                            "visible": "false"
                                                          },
                                                          "name": "twx-toggle-button"
                                                        },
                                                        {
                                                          "attributes": {
                                                            "twx-widget": "",
                                                            "widget-id": "toggleButton-4",
                                                            "background-color": "",
                                                            "background-color-pressed": "",
                                                            "widget-name": "Move 2 Toggle",
                                                            "pressed-expression": "moveSelect(2);",
                                                            "src": "Uploaded/button_move 2 (1).png",
                                                            "srcnotpressed": "Uploaded/button_move 2.png",
                                                            "width": "",
                                                            "height": "50px",
                                                            "visible": "false"
                                                          },
                                                          "name": "twx-toggle-button"
                                                        },
                                                        {
                                                          "attributes": {
                                                            "twx-widget": "",
                                                            "widget-id": "toggleButton-5",
                                                            "background-color": "",
                                                            "background-color-pressed": "",
                                                            "widget-name": "Move 3 Toggle",
                                                            "pressed-expression": "moveSelect(3);",
                                                            "src": "Uploaded/button_move 3 (1).png",
                                                            "srcnotpressed": "Uploaded/button_move 3.png",
                                                            "width": "",
                                                            "height": "50px",
                                                            "visible": "false"
                                                          },
                                                          "name": "twx-toggle-button"
                                                        },
                                                        {
                                                          "attributes": {
                                                            "twx-widget": "",
                                                            "widget-id": "toggleButton-6",
                                                            "background-color": "",
                                                            "background-color-pressed": "",
                                                            "widget-name": "Move 4 Toggle",
                                                            "pressed-expression": "moveSelect(4);",
                                                            "src": "Uploaded/button_move 4 (1).png",
                                                            "srcnotpressed": "Uploaded/button_move 4.png",
                                                            "width": "",
                                                            "height": "50px",
                                                            "visible": "false"
                                                          },
                                                          "name": "twx-toggle-button"
                                                        }
                                                      ]
                                                    }
                                                  ]
                                                }
                                              ]
                                            }
                                          ]
                                        }
                                      ]
                                    }
                                  ]
                                }
                              ]
                            }
                          ]
                        },
                        {
                          "attributes": {
                            "twx-widget": "",
                            "widget-id": "panel-3",
                            "widget-name": "Center Panel",
                            "is-widget-container": "true",
                            "position": "center"
                          },
                          "name": "twx-overlay-container",
                          "children": [
                            {
                              "name": "twx-container-content",
                              "children": [
                                {
                                  "attributes": {
                                    "twx-widget": "",
                                    "widget-id": "popup-1",
                                    "widget-name": "Security Stop Popup",
                                    "is-widget-container": "true",
                                    "class": "byu-popup",
                                    "width": "350px"
                                  },
                                  "name": "twx-popup",
                                  "children": [
                                    {
                                      "attributes": {
                                        "databind-id": "db-1636392148291",
                                        "source-type": "data",
                                        "source-name": "UR_Robot1",
                                        "source-item-type": "property",
                                        "source-item-name": "SecurityStop",
                                        "binding-type": "property_field",
                                        "from-expression": "app.mdl['UR_Robot1'].properties['SecurityStop']",
                                        "to-property": "visible"
                                      },
                                      "name": "twx-databind"
                                    },
                                    {
                                      "name": "twx-container-content",
                                      "children": [
                                        {
                                          "attributes": {
                                            "twx-widget": "",
                                            "widget-id": "gridLayout-4",
                                            "widget-name": "gridLayout-4",
                                            "is-widget-container": "true"
                                          },
                                          "name": "twx-gridlayout",
                                          "children": [
                                            {
                                              "name": "twx-container-content",
                                              "children": [
                                                {
                                                  "attributes": {
                                                    "twx-widget": "",
                                                    "widget-id": "row-5",
                                                    "widget-name": "Header",
                                                    "is-widget-container": "true",
                                                    "rowheight": "70px"
                                                  },
                                                  "name": "twx-row",
                                                  "children": [
                                                    {
                                                      "name": "twx-container-content",
                                                      "children": [
                                                        {
                                                          "attributes": {
                                                            "twx-widget": "",
                                                            "widget-id": "column-6",
                                                            "widget-name": "column-6",
                                                            "is-widget-container": "true",
                                                            "justification": "center"
                                                          },
                                                          "name": "twx-col",
                                                          "children": [
                                                            {
                                                              "name": "twx-container-content",
                                                              "children": [
                                                                {
                                                                  "attributes": {
                                                                    "twx-widget": "",
                                                                    "widget-id": "label-2",
                                                                    "state-format-value": "text",
                                                                    "widget-name": "label-2",
                                                                    "text": "SECURITY STOP TRIGGERED!",
                                                                    "class": "byu-popup-label"
                                                                  },
                                                                  "name": "twx-label"
                                                                }
                                                              ]
                                                            }
                                                          ]
                                                        }
                                                      ]
                                                    }
                                                  ]
                                                },
                                                {
                                                  "attributes": {
                                                    "twx-widget": "",
                                                    "widget-id": "row-7",
                                                    "widget-name": "Buttons",
                                                    "is-widget-container": "true"
                                                  },
                                                  "name": "twx-row",
                                                  "children": [
                                                    {
                                                      "name": "twx-container-content",
                                                      "children": [
                                                        {
                                                          "attributes": {
                                                            "twx-widget": "",
                                                            "widget-id": "column-8",
                                                            "widget-name": "column-8",
                                                            "is-widget-container": "true",
                                                            "alignment": "center"
                                                          },
                                                          "name": "twx-col",
                                                          "children": [
                                                            {
                                                              "name": "twx-container-content",
                                                              "children": [
                                                                {
                                                                  "attributes": {
                                                                    "twx-widget": "",
                                                                    "widget-id": "button-1",
                                                                    "widget-name": "button-1",
                                                                    "text": "Clear Security Stop",
                                                                    "class": "byu-navigation-button"
                                                                  },
                                                                  "name": "twx-button",
                                                                  "children": [
                                                                    {
                                                                      "attributes": {
                                                                        "eventbind-id": "eb-1636389092094",
                                                                        "source-type": "widget",
                                                                        "source-label": "Button",
                                                                        "source-name": "button-1",
                                                                        "source-event": "click",
                                                                        "handler-type": "data",
                                                                        "handler-name": "UR_Robot1",
                                                                        "handler-service": "resetSecurityStop",
                                                                        "handler-path": "app.mdl.UR_Robot1.svc.resetSecurityStop"
                                                                      },
                                                                      "name": "twx-eventbind"
                                                                    }
                                                                  ]
                                                                }
                                                              ]
                                                            }
                                                          ]
                                                        }
                                                      ]
                                                    }
                                                  ]
                                                }
                                              ]
                                            }
                                          ]
                                        }
                                      ]
                                    }
                                  ]
                                }
                              ]
                            }
                          ]
                        },
                        {
                          "attributes": {
                            "twx-widget": "",
                            "widget-id": "panel-4",
                            "widget-name": "Right Panel",
                            "is-widget-container": "true",
                            "position": "right"
                          },
                          "name": "twx-overlay-container",
                          "children": [
                            {
                              "name": "twx-container-content",
                              "children": [
                                {
                                  "attributes": {
                                    "twx-widget": "",
                                    "widget-id": "gridLayout-1",
                                    "widget-name": "gridLayout-1",
                                    "is-widget-container": "true",
                                    "evenlyspacedrows": "true"
                                  },
                                  "name": "twx-gridlayout",
                                  "children": [
                                    {
                                      "name": "twx-container-content",
                                      "children": [
                                        {
                                          "attributes": {
                                            "twx-widget": "",
                                            "widget-id": "row-1",
                                            "widget-name": "row-1",
                                            "is-widget-container": "true"
                                          },
                                          "name": "twx-row",
                                          "children": [
                                            {
                                              "name": "twx-container-content",
                                              "children": [
                                                {
                                                  "attributes": {
                                                    "twx-widget": "",
                                                    "widget-id": "column-1",
                                                    "widget-name": "column-1",
                                                    "is-widget-container": "true",
                                                    "justification": "flex-end",
                                                    "alignment": "flex-end",
                                                    "padding": ""
                                                  },
                                                  "name": "twx-col",
                                                  "children": [
                                                    {
                                                      "name": "twx-container-content",
                                                      "children": [
                                                        {
                                                          "attributes": {
                                                            "twx-widget": "",
                                                            "widget-id": "slider-1",
                                                            "widget-name": "slider-1",
                                                            "class": "byu-slider",
                                                            "min": "-.65",
                                                            "max": ".7",
                                                            "step": ".01",
                                                            "value": "0",
                                                            "visible": "false",
                                                            "iconleft": "",
                                                            "iconright": ""
                                                          },
                                                          "name": "twx-range"
                                                        }
                                                      ]
                                                    }
                                                  ]
                                                }
                                              ]
                                            }
                                          ]
                                        }
                                      ]
                                    }
                                  ]
                                }
                              ]
                            }
                          ]
                        }
                      ]
                    }
                  ]
                },
                {
                  "attributes": {
                    "twx-widget": "",
                    "widget-id": "panel-5",
                    "widget-name": "Bottom Panel",
                    "is-widget-container": "true",
                    "position": "bottom"
                  },
                  "name": "twx-overlay-container",
                  "children": [
                    {
                      "name": "twx-container-content",
                      "children": [
                        {
                          "attributes": {
                            "twx-widget": "",
                            "widget-id": "gridLayout-2",
                            "widget-name": "gridLayout-2",
                            "is-widget-container": "true",
                            "evenlyspacedrows": "true"
                          },
                          "name": "twx-gridlayout",
                          "children": [
                            {
                              "name": "twx-container-content",
                              "children": [
                                {
                                  "attributes": {
                                    "twx-widget": "",
                                    "widget-id": "row-3",
                                    "widget-name": "row-3",
                                    "is-widget-container": "true"
                                  },
                                  "name": "twx-row",
                                  "children": [
                                    {
                                      "name": "twx-container-content",
                                      "children": [
                                        {
                                          "attributes": {
                                            "twx-widget": "",
                                            "widget-id": "column-3",
                                            "widget-name": "column-3",
                                            "is-widget-container": "true",
                                            "justification": "flex-end",
                                            "fixedcolsize": ""
                                          },
                                          "name": "twx-col",
                                          "children": [
                                            {
                                              "name": "twx-container-content",
                                              "children": [
                                                {
                                                  "attributes": {
                                                    "twx-widget": "",
                                                    "widget-id": "toggleButton-2",
                                                    "background-color": "",
                                                    "background-color-pressed": "",
                                                    "widget-name": "Move Robot",
                                                    "pressed-expression": "robotPose();",
                                                    "unpressed-expression": "robotMove();",
                                                    "src": "Uploaded/button_move (1).png",
                                                    "srcnotpressed": "Uploaded/button_move.png",
                                                    "width": "",
                                                    "height": "50px"
                                                  },
                                                  "name": "twx-toggle-button"
                                                }
                                              ]
                                            }
                                          ]
                                        },
                                        {
                                          "attributes": {
                                            "twx-widget": "",
                                            "widget-id": "column-4",
                                            "widget-name": "column-4",
                                            "is-widget-container": "true",
                                            "justification": "flex-end",
                                            "alignment": "flex-end",
                                            "fixedcolsize": ""
                                          },
                                          "name": "twx-col",
                                          "children": [
                                            {
                                              "name": "twx-container-content",
                                              "children": [
                                                {
                                                  "attributes": {
                                                    "twx-widget": "",
                                                    "widget-id": "image-2",
                                                    "widget-name": "Set Coordinates",
                                                    "click-expression": "setCoordinates();",
                                                    "imgsrc": "Uploaded/button_set-x-y.png",
                                                    "height": "50px",
                                                    "visible": "false"
                                                  },
                                                  "name": "twx-image2"
                                                }
                                              ]
                                            }
                                          ]
                                        }
                                      ]
                                    }
                                  ]
                                }
                              ]
                            }
                          ]
                        }
                      ]
                    }
                  ]
                }
              ]
            }
          ]
        }
      ]
    },
    {
      "name": "twx-fragment-parameters"
    },
    {
      "name": "twx-view-data"
    }
  ],
  "name": "twx-view"
}
